{"cameraMode":{"drawMode":0,"name":"Shaded","section":"Shading Mode"},"sceneLighting":true,"audioPlay":false,"sceneViewState":{"m_AlwaysRefresh":false,"showFog":true,"showSkybox":true,"showFlares":true,"showImageEffects":true,"showParticleSystems":true,"showVisualEffectGraphs":true,"m_FxEnabled":true},"in2DMode":false,"pivot":{"x":-19.793638229370118,"y":-2.2340030670166017,"z":-3.1722145080566408},"rotation":{"x":0.02039279416203499,"y":-0.9787188172340393,"z":0.12129325419664383,"w":0.16420918703079225},"size":8.627294540405274,"orthographic":false}