{"cameraMode":{"drawMode":0,"name":"Shaded","section":"Shading Mode"},"sceneLighting":true,"audioPlay":false,"sceneViewState":{"m_AlwaysRefresh":false,"showFog":true,"showSkybox":true,"showFlares":true,"showImageEffects":true,"showParticleSystems":true,"showVisualEffectGraphs":true,"m_FxEnabled":true},"in2DMode":false,"pivot":{"x":12.349571228027344,"y":-20.851713180541993,"z":-89.36222076416016},"rotation":{"x":-0.005381754599511623,"y":0.9820862412452698,"z":-0.2050241231918335,"w":-0.002298819599673152},"size":97.1420669555664,"orthographic":false}