{"cameraMode":{"drawMode":0,"name":"Shaded","section":"Shading Mode"},"sceneLighting":true,"audioPlay":false,"sceneViewState":{"m_AlwaysRefresh":false,"showFog":true,"showSkybox":true,"showFlares":true,"showImageEffects":true,"showParticleSystems":true,"showVisualEffectGraphs":true,"m_FxEnabled":true},"in2DMode":false,"pivot":{"x":0.08551698923110962,"y":1.2601279020309449,"z":-0.09386581182479859},"rotation":{"x":0.2093055546283722,"y":-0.20020745694637299,"z":0.05051887035369873,"w":0.9573628902435303},"size":2.0007762908935549,"orthographic":false}