{"cameraMode":{"drawMode":0,"name":"Shaded","section":"Shading Mode"},"sceneLighting":true,"audioPlay":false,"sceneViewState":{"m_AlwaysRefresh":false,"showFog":true,"showSkybox":true,"showFlares":true,"showImageEffects":true,"showParticleSystems":true,"showVisualEffectGraphs":true,"m_FxEnabled":true},"in2DMode":false,"pivot":{"x":36.19880676269531,"y":-13.567907333374024,"z":13.272972106933594},"rotation":{"x":0.1506030559539795,"y":0.5974005460739136,"z":-0.11530248075723648,"w":0.7793243527412415},"size":22.283977508544923,"orthographic":false}