{"cameraMode":{"drawMode":0,"name":"Shaded","section":"Shading Mode"},"sceneLighting":true,"audioPlay":false,"sceneViewState":{"m_AlwaysRefresh":false,"showFog":true,"showSkybox":true,"showFlares":true,"showImageEffects":true,"showParticleSystems":true,"showVisualEffectGraphs":true,"m_FxEnabled":true},"in2DMode":false,"pivot":{"x":0.35954606533050539,"y":7.497843265533447,"z":-135.6538848876953},"rotation":{"x":0.005935221444815397,"y":-0.9842981696128845,"z":0.18883366882801057,"w":0.013647329993546009},"size":146.225341796875,"orthographic":false}