{"cameraMode":{"drawMode":0,"name":"Shaded","section":"Shading Mode"},"sceneLighting":true,"audioPlay":false,"sceneViewState":{"m_AlwaysRefresh":false,"showFog":true,"showSkybox":true,"showFlares":true,"showImageEffects":true,"showParticleSystems":true,"showVisualEffectGraphs":true,"m_FxEnabled":true},"in2DMode":false,"pivot":{"x":8.456918716430664,"y":4.111699104309082,"z":0.36921143531799319},"rotation":{"x":0.19186389446258546,"y":-0.5581046938896179,"z":0.14351540803909303,"w":0.7962597608566284},"size":2.2914366722106935,"orthographic":false}