{"cameraMode":{"drawMode":0,"name":"Shaded","section":"Shading Mode"},"sceneLighting":true,"audioPlay":false,"sceneViewState":{"m_AlwaysRefresh":false,"showFog":true,"showSkybox":true,"showFlares":true,"showImageEffects":true,"showParticleSystems":true,"showVisualEffectGraphs":true,"m_FxEnabled":true},"in2DMode":false,"pivot":{"x":3.0031912326812746,"y":6.713376045227051,"z":9.783087730407715},"rotation":{"x":0.02760697901248932,"y":-0.9590171575546265,"z":0.12044881284236908,"w":0.26099148392677309},"size":2.9537343978881838,"orthographic":false}