{"cameraMode":{"drawMode":0,"name":"Shaded","section":"Shading Mode"},"sceneLighting":true,"audioPlay":false,"sceneViewState":{"m_AlwaysRefresh":false,"showFog":true,"showSkybox":true,"showFlares":true,"showImageEffects":true,"showParticleSystems":true,"showVisualEffectGraphs":true,"m_FxEnabled":true},"in2DMode":false,"pivot":{"x":-1.6739535331726075,"y":3.1335909366607668,"z":-2.887275457382202},"rotation":{"x":0.020825352519750596,"y":-0.6143990755081177,"z":0.024592844769358636,"w":0.7901850342750549},"size":2.2914366722106935,"orthographic":false}