{"cameraMode":{"drawMode":0,"name":"Shaded","section":"Shading Mode"},"sceneLighting":true,"audioPlay":false,"sceneViewState":{"m_AlwaysRefresh":false,"showFog":true,"showSkybox":true,"showFlares":true,"showImageEffects":true,"showParticleSystems":true,"showVisualEffectGraphs":true,"m_FxEnabled":true},"in2DMode":false,"pivot":{"x":-2.690000057220459,"y":1.565999984741211,"z":5.940000057220459},"rotation":{"x":0.10803769528865814,"y":-0.13675080239772798,"z":0.02196483127772808,"w":0.9859721064567566},"size":1.2247449159622193,"orthographic":false}