{"cameraMode":{"drawMode":0,"name":"Shaded","section":"Shading Mode"},"sceneLighting":true,"audioPlay":false,"sceneViewState":{"m_AlwaysRefresh":false,"showFog":true,"showSkybox":true,"showFlares":true,"showImageEffects":true,"showParticleSystems":true,"showVisualEffectGraphs":true,"m_FxEnabled":true},"in2DMode":false,"pivot":{"x":3.3945560455322267,"y":4.8577375411987309,"z":-3.319460391998291},"rotation":{"x":-0.2720513641834259,"y":-0.046977702528238299,"z":0.006152718793600798,"w":-0.9626746773719788},"size":1.557094931602478,"orthographic":false}