{"cameraMode":{"drawMode":0,"name":"Shaded","section":"Shading Mode"},"sceneLighting":true,"audioPlay":false,"sceneViewState":{"m_AlwaysRefresh":false,"showFog":true,"showSkybox":true,"showFlares":true,"showImageEffects":true,"showParticleSystems":true,"showVisualEffectGraphs":true,"m_FxEnabled":true},"in2DMode":false,"pivot":{"x":-15.678473472595215,"y":2.0858030319213869,"z":-7.185420036315918},"rotation":{"x":-0.01754080504179001,"y":0.9726390838623047,"z":-0.21833719313144685,"w":-0.07868679612874985},"size":22.283977508544923,"orthographic":false}