{"cameraMode":{"drawMode":0,"name":"Shaded","section":"Shading Mode"},"sceneLighting":true,"audioPlay":false,"sceneViewState":{"m_AlwaysRefresh":false,"showFog":true,"showSkybox":true,"showFlares":true,"showImageEffects":true,"showParticleSystems":true,"showVisualEffectGraphs":true,"m_FxEnabled":true},"in2DMode":false,"pivot":{"x":0.7738998532295227,"y":1.4119999408721924,"z":0.4386466443538666},"rotation":{"x":0.23365463316440583,"y":-0.1863797903060913,"z":0.05303172022104263,"w":0.9543458223342896},"size":0.9614266753196716,"orthographic":false}