{"cameraMode":{"drawMode":0,"name":"Shaded","section":"Shading Mode"},"sceneLighting":true,"audioPlay":false,"sceneViewState":{"m_AlwaysRefresh":false,"showFog":true,"showSkybox":true,"showFlares":true,"showImageEffects":true,"showParticleSystems":true,"showVisualEffectGraphs":true,"m_FxEnabled":true},"in2DMode":false,"pivot":{"x":0.5639496445655823,"y":3.7077412605285646,"z":-1.6626605987548829},"rotation":{"x":0.3765004277229309,"y":-0.09382912516593933,"z":0.04694518819451332,"w":0.9220578670501709},"size":1.557094931602478,"orthographic":false}