{"cameraMode":{"drawMode":0,"name":"Shaded","section":"Shading Mode"},"sceneLighting":true,"audioPlay":false,"sceneViewState":{"m_AlwaysRefresh":false,"showFog":true,"showSkybox":true,"showFlares":true,"showImageEffects":true,"showParticleSystems":true,"showVisualEffectGraphs":true,"m_FxEnabled":true},"in2DMode":false,"pivot":{"x":12.659615516662598,"y":7.092592239379883,"z":-7.5748820304870609},"rotation":{"x":-0.0014716917648911477,"y":0.9936665892601013,"z":-0.11257162690162659,"w":-0.01308484561741352},"size":13.006221771240235,"orthographic":false}