{"cameraMode":{"drawMode":0,"name":"Shaded","section":"Shading Mode"},"sceneLighting":true,"audioPlay":false,"sceneViewState":{"m_AlwaysRefresh":false,"showFog":true,"showSkybox":true,"showFlares":true,"showImageEffects":true,"showParticleSystems":true,"showVisualEffectGraphs":true,"m_FxEnabled":true},"in2DMode":false,"pivot":{"x":0.5381495952606201,"y":1.4690608978271485,"z":1.842564344406128},"rotation":{"x":-0.08562622964382172,"y":0.8022511601448059,"z":-0.13006317615509034,"w":-0.5787633061408997},"size":3.2499330043792726,"orthographic":false}